timestamp,Média,Mediana,Desvio Padrão,Contagem,P95,P99
2026-01-03 03:51:55+00:00,358.10776050000004,51.939645999999996,623.2141470998226,4,1106.9148669999997,1255.6686069999998
2026-01-03 03:52:00+00:00,1690.7454593333332,2261.098626,1457.0894137298817,3,2724.8549387999997,2766.0777221599997
2026-01-03 03:52:05+00:00,986.078725,67.739208,1298.1510320503473,5,2535.5701924,2609.63070568
2026-01-03 03:52:10+00:00,,,,0,,
2026-01-03 03:52:15+00:00,342.5584028888889,33.785083,923.148484841465,9,1703.604316999999,2584.0066641999997
2026-01-03 03:52:20+00:00,808.6784015,59.383208499999995,1086.0186936709085,8,2416.3208907999997,2525.2026125599996
2026-01-03 03:52:25+00:00,394.852193125,42.411979,1009.9607608004749,8,1897.6384135999983,2694.942917119999
2026-01-03 03:52:30+00:00,849.4392752666666,44.545042,1268.8577129548296,15,2950.5474511999996,2978.09095824
2026-01-03 03:52:35+00:00,567.8598180625,43.835145999999995,1007.9730972696788,16,2451.8255015,2870.0457011
2026-01-03 03:52:40+00:00,352.45398166666666,38.051333,860.1615426009039,15,2161.854495199999,2823.4843222399995
2026-01-03 03:52:45+00:00,918.8898537619048,52.373458,1205.618661146759,21,2780.120543,2827.1568094
2026-01-03 03:52:50+00:00,627.7477501428572,44.207666,977.6919500453758,21,2290.336293,2506.134993
2026-01-03 03:52:55+00:00,959.8203313529411,40.799542,1196.6576598965612,17,2701.537226,2817.290746
2026-01-03 03:53:00+00:00,739.01067745,41.966458,1131.8079538751638,20,2566.11273915,2795.8155822299996
2026-01-03 03:53:05+00:00,677.4801095238096,50.455792,949.9095344090965,21,2449.649584,2586.4884184000002
2026-01-03 03:53:10+00:00,573.6743519333334,43.512625,943.3881634070055,15,2327.332376,2399.213976
2026-01-03 03:53:15+00:00,478.3286996785714,34.413104000000004,993.7547716009404,28,2831.57168445,2962.65852357
2026-01-03 03:53:20+00:00,663.4945134090909,30.6623125,1064.6785805854431,22,2642.5279426499997,2678.9196134999997
2026-01-03 03:53:25+00:00,815.8248666842105,36.71725,1099.515248430639,19,2694.7503304999996,2711.7948005
2026-01-03 03:53:30+00:00,748.1555671,53.1235,1072.2026040390379,20,2595.48456145,2787.6970802899996
2026-01-03 03:53:35+00:00,863.5407562413793,91.540125,1062.7398902727914,29,2559.8793095999995,2898.204066
2026-01-03 03:53:40+00:00,537.96762525,36.412687500000004,1018.6007557170965,36,2665.306487,2813.37187055
2026-01-03 03:53:45+00:00,1046.50819372,51.965041,1282.2749920430103,25,2907.2422682,2930.70581308
2026-01-03 03:53:50+00:00,810.8354444473683,46.047687499999995,1140.5559135394778,38,2850.0885135,2970.5301164200005
2026-01-03 03:53:55+00:00,721.6875034,44.2251245,1087.1948277242589,40,2719.7044326,2779.71232876
2026-01-03 03:54:00+00:00,424.9913825217391,40.402,882.0263873357329,23,2140.9937262999997,2671.445913260001
2026-01-03 03:54:05+00:00,961.9260041304348,49.414167,1126.6051066811349,23,2736.6420348999995,2884.82144198
2026-01-03 03:54:10+00:00,897.2695966428571,54.1021465,1189.2202435768543,28,2780.50417425,2910.48211469
2026-01-03 03:54:15+00:00,905.6738059444444,58.890479,1097.600498442911,36,2699.00741775,2955.86230155
2026-01-03 03:54:20+00:00,800.7243101666667,53.3121255,1036.7035562569279,30,2768.7221658,2839.14915268
2026-01-03 03:54:25+00:00,642.9257687407408,40.977,979.067919930509,27,2407.267276,2547.280156
2026-01-03 03:54:30+00:00,403.8492489,37.0630625,801.2178468852346,30,2221.3974133499996,2572.70332064
2026-01-03 03:54:35+00:00,896.6527712708333,69.3297295,1083.607107540476,48,2742.53152865,2896.99222072
2026-01-03 03:54:40+00:00,716.8403803333333,39.5389375,1103.8611988666614,36,2900.3724032500004,2990.0940142
2026-01-03 03:54:45+00:00,533.6219564054054,40.552125,1011.6181180544016,37,2853.6211344,2918.34673488
2026-01-03 03:54:50+00:00,382.98887718181817,34.009396,797.2236549361779,22,2239.0257034,2332.0839868599996
2026-01-03 03:54:55+00:00,1069.5915669375,130.079584,1165.797957699791,32,2819.1137388,2896.36419806
2026-01-03 03:55:00+00:00,874.3419899722222,41.485395499999996,1137.0738309396465,36,2679.28099075,2837.0375034
2026-01-03 03:55:05+00:00,396.44626171999994,47.25675,791.823568972304,25,1783.9899009999995,2711.756090999998
2026-01-03 03:55:10+00:00,797.7727502162163,40.236292,1115.532784622006,37,2832.0763368,2919.771744
2026-01-03 03:55:15+00:00,833.33344692,45.645041,1206.3638638010632,25,2881.3633766,2966.4413099999997
2026-01-03 03:55:20+00:00,575.7944636666667,41.804959,942.0249081216881,33,2498.3192259999996,2864.87656312
2026-01-03 03:55:25+00:00,578.4584401944444,40.486396,930.4114876363408,36,2388.250887,2565.0028798499998
2026-01-03 03:55:30+00:00,600.4003324864865,43.349584,964.8026102931813,37,2754.961101,2917.9000878800002
2026-01-03 03:55:35+00:00,610.2628960416666,46.872917,952.9448776636004,24,2508.991302849999,2755.40631602
2026-01-03 03:55:40+00:00,350.69471760975614,38.099708,699.3532710679694,41,2230.921404,2286.4382286
2026-01-03 03:55:45+00:00,916.7783768387096,35.701334,1131.227663773128,31,2817.527022,2935.2224143
2026-01-03 03:55:50+00:00,467.69680962499996,30.2603125,850.5330030799624,40,2327.29360965,2508.88828287
2026-01-03 03:55:55+00:00,818.6898708918919,49.72475,1171.437332477652,37,2843.7184767999997,2973.14007664
2026-01-03 03:56:00+00:00,588.8031548709677,34.958625,992.3486456979365,31,2549.1493765,2685.9869556
2026-01-03 03:56:05+00:00,737.8526764571428,45.580375,1101.124541077183,35,2725.2307928999994,2872.9173032799995
2026-01-03 03:56:10+00:00,496.9620731935484,36.309792,982.5914713770941,31,2692.1622930000003,2866.0209744
2026-01-03 03:56:15+00:00,1238.4183592121212,1260.849792,1177.9589820088343,33,2730.964918,2956.42774444
2026-01-03 03:56:20+00:00,786.348891423077,47.5905835,1088.3540260388231,26,2672.76150125,2940.35044925
2026-01-03 03:56:25+00:00,655.001632,47.141084,1001.2720665933645,31,2658.3930010000004,2798.5207215
2026-01-03 03:56:30+00:00,592.7466793783784,48.467917,985.776089066232,37,2774.1756429999996,2890.9471829999998
2026-01-03 03:56:35+00:00,927.7274796153846,45.953271,1150.0567946528768,26,2820.391126,2966.219345
2026-01-03 03:56:40+00:00,600.187192225,46.210437999999996,928.9218146476748,40,2438.2617572499994,2834.59095309
2026-01-03 03:56:45+00:00,762.6689544827585,43.505833,1070.933455560039,29,2722.7411013999995,2824.7207914799997
2026-01-03 03:56:50+00:00,880.84024935,52.543667,1130.9426150963495,40,2765.06329025,2830.31195712
2026-01-03 03:56:55+00:00,434.60725974285714,30.0755,892.4298180509973,35,2681.159359999999,2971.1695102199997
2026-01-03 03:57:00+00:00,577.7627239666667,41.79025,885.0081986131432,30,2289.4852617499996,2544.8538080000003
2026-01-03 03:57:05+00:00,723.8114633461538,51.215999499999995,959.9520436813922,26,2374.8272195,2471.796616
2026-01-03 03:57:10+00:00,796.026291,66.279708,1132.345176204133,25,2738.0213479999993,2834.2379899999996
2026-01-03 03:57:15+00:00,660.9740670333333,38.5564795,1091.4579552829857,30,2788.2208537499996,2952.97503143
2026-01-03 03:57:20+00:00,867.334388,42.028375,1150.138600660303,33,2784.728118,2854.871623
2026-01-03 03:57:25+00:00,578.8903299411766,33.441333,984.5297235312496,34,2635.47932635,2812.1699238600004
2026-01-03 03:57:30+00:00,788.2186299555555,40.630708,1073.4530498514262,45,2700.9633849999996,2969.923526
2026-01-03 03:57:35+00:00,604.6839264,35.602667,974.6976953790438,40,2476.6684176999993,2858.9276075
2026-01-03 03:57:40+00:00,734.9666867777778,42.629792,1048.732356218187,27,2449.0046174999998,2590.3665383199996
2026-01-03 03:57:45+00:00,444.7898052,38.671209,893.458442083431,25,2695.872409599999,2812.7613310799998
2026-01-03 03:57:50+00:00,661.9760239333333,45.584896,1017.1322747960534,30,2632.9974030499993,2784.82350864
2026-01-03 03:57:55+00:00,1045.6102677241379,55.614458,1141.8681917547992,29,2883.183068,2952.19229824
2026-01-03 03:58:00+00:00,546.7965610285713,37.551916,926.7013815322974,35,2443.7151344,2582.65391406
2026-01-03 03:58:05+00:00,480.7688260769231,37.570791,948.6328829370948,39,2753.0060308,2825.3935915399998
2026-01-03 03:58:10+00:00,659.0805307916667,40.8691665,1113.4726014695211,24,2720.663411899999,2892.14141996
2026-01-03 03:58:15+00:00,793.4035976666667,57.2157505,1064.8720912805413,36,2796.7231475,2837.280534
2026-01-03 03:58:20+00:00,826.455805451613,41.372958,1142.4853801116844,31,2822.271522,2982.4009555000002
2026-01-03 03:58:25+00:00,668.9383626956521,47.750667,1005.0831481570744,23,2461.3451307999994,2730.6770675000002
2026-01-03 03:58:30+00:00,732.9131147435897,45.618667,1046.5937450245049,39,2619.6585055000005,2732.46854842
2026-01-03 03:58:35+00:00,655.3227008125,47.2915625,1022.9082815838132,32,2583.30246365,2648.2095759599997
2026-01-03 03:58:40+00:00,715.1396804411766,49.281396,1166.6053807980766,34,2832.0875771,2946.9657885100005
2026-01-03 03:58:45+00:00,878.6153825172414,47.93625,1061.1766632942233,29,2495.4240018,2796.5375142799994
2026-01-03 03:58:50+00:00,549.283995125,33.147583499999996,918.902780983393,32,2400.1208598499998,2683.57779652
2026-01-03 03:58:55+00:00,581.0485582608696,41.589188,969.8113500685953,46,2612.98488675,2833.8152473499995
2026-01-03 03:59:00+00:00,889.9818337560976,47.768333,1080.7078283148023,41,2671.722501,2735.1099342
2026-01-03 03:59:05+00:00,750.0111545681818,44.085146,1084.4599562602243,44,2585.4878635,2785.8716805
2026-01-03 03:59:10+00:00,634.690475968254,38.517375,1065.3664813074834,63,2756.7654506999997,2847.6674254600002
2026-01-03 03:59:15+00:00,889.59046124,85.4440835,1167.5718237403585,50,2833.0850697499995,2913.9583985799995
2026-01-03 03:59:20+00:00,1005.2675407068965,52.157270999999994,1170.5567058399124,58,2796.7990286,2881.42384188
2026-01-03 03:59:25+00:00,836.2430061060605,53.589042,1066.5526969009536,66,2652.7912300000003,2964.5789014499996
2026-01-03 03:59:30+00:00,752.4953067903226,54.3248745,1027.6067495254154,62,2724.6941242499993,2853.43416514
2026-01-03 03:59:35+00:00,668.596395962963,112.101417,977.0286929524594,81,2581.256251,2876.1824934000006
2026-01-03 03:59:40+00:00,988.8010420645161,87.374396,1158.6857521899728,62,2886.3547234999996,2938.79596924
2026-01-03 03:59:45+00:00,769.6451111232877,90.131459,1020.0941339562487,73,2562.1801009999986,2861.95132948
2026-01-03 03:59:50+00:00,771.3401733924051,59.304001,1092.8777013160077,79,2706.9600097,2889.66987652
2026-01-03 03:59:55+00:00,634.7872270736842,45.52325,1019.1094584065329,95,2734.5018555999995,2953.22020056
2026-01-03 04:00:00+00:00,944.605317157143,420.70185449999997,1028.278828673756,70,2778.80920115,3033.9144025600003
2026-01-03 04:00:05+00:00,656.0296404444445,62.765875,1050.3192301330566,99,2758.534167999999,3736.256383159999
2026-01-03 04:00:10+00:00,831.113952971831,418.204417,928.6453250972438,71,2477.757265,2973.8115416
2026-01-03 04:00:15+00:00,1030.687604175,191.7081665,1225.9590817725089,80,3250.793801,3446.0362888899995
2026-01-03 04:00:20+00:00,1073.6331622843138,654.2554585,1120.898790694089,102,2833.5333409,3387.7022403299993
2026-01-03 04:00:25+00:00,571.2736064186047,144.5747495,902.1740051362266,86,2564.27713675,3146.559614450001
2026-01-03 04:00:30+00:00,694.7954855663718,77.415667,1037.2370156915545,113,2843.4077512,3008.3119600399996
2026-01-03 04:00:35+00:00,501.64883256470586,98.076333,858.4404821995937,85,2651.1437183999997,2971.9088030000003
2026-01-03 04:00:40+00:00,1194.1759251882354,771.422195,1113.381572686324,85,3239.010379,3502.381477919997
2026-01-03 04:00:45+00:00,1923.2466653392858,1500.0335220000002,1473.8671913567416,56,4677.5332485,5227.447179750002
2026-01-03 04:00:50+00:00,1759.5721715833333,1213.7850005,1701.061027744989,72,5016.3604754,5649.511055180006
2026-01-03 04:00:55+00:00,1124.4622038030304,342.2749165,1321.421871818013,132,3736.4691346999994,4298.82935121
2026-01-03 04:01:00+00:00,931.253535988764,273.157875,1118.4134605415968,89,2878.7941345999993,3677.3564239200014
2026-01-03 04:01:05+00:00,1235.134402773913,921.275167,1058.999080125194,115,3162.8867724999996,3536.94839612
2026-01-03 04:01:10+00:00,1639.965268808219,1214.183778,1405.442188750913,73,3995.065851599998,4529.46065476
2026-01-03 04:01:15+00:00,879.70249746875,201.7880625,1123.0960003102361,128,2948.212476449999,3412.0008894300013
2026-01-03 04:01:20+00:00,815.3122356111111,187.052354,1097.3011183170856,90,2892.0530615999996,3119.41591325
2026-01-03 04:01:25+00:00,2185.862137226804,1944.570334,1336.7444493190155,97,4485.274593799995,4979.8084359999975
2026-01-03 04:01:30+00:00,4347.9928795,4345.1513145,1494.3497558884528,34,6489.586907399998,8091.203805140002
2026-01-03 04:01:35+00:00,2642.9775944623657,2227.09921,2091.587983538485,93,6060.258069999996,7764.633808439998
2026-01-03 04:01:40+00:00,3237.3390838648647,3511.246404,1677.2217970217098,37,5506.307991599996,6700.39464984
2026-01-03 04:01:45+00:00,4132.1142195263155,3794.554877,2000.3158124373497,57,7890.0019888,8417.93418944
2026-01-03 04:01:50+00:00,3349.9238432666666,2743.776584,1930.1745324259573,75,7298.9972824,7863.870735420005
2026-01-03 04:01:55+00:00,2845.6369687307692,2965.791022,1792.7118519187234,78,5273.564812749996,7391.836923410002
2026-01-03 04:02:00+00:00,2292.5077435783132,1587.395542,1844.3729825319604,83,5943.5109985,7199.096844439998
2026-01-03 04:02:05+00:00,2348.1331830405406,2076.244001,1380.7954581736974,74,4740.250331499999,6091.4262435899955
2026-01-03 04:02:10+00:00,3642.4998148765435,3489.383488,1861.584463177343,81,6576.812447,8471.144147800002
2026-01-03 04:02:15+00:00,2379.01516327957,1839.854209,1820.3157635968992,93,6173.559622399998,7114.419367639999
2026-01-03 04:02:20+00:00,1496.883883448598,678.3435,1515.1897616635028,107,4180.5270813,4369.122442
2026-01-03 04:02:25+00:00,1587.6035265983608,1109.1130415,1249.3021486239852,122,3813.9492557999984,4382.732013109998
2026-01-03 04:02:30+00:00,1961.712851482353,1646.187959,1176.15625765548,85,3716.485535,4467.50010544
2026-01-03 04:02:35+00:00,4630.904406634147,4209.31221,1572.4114215490677,41,6946.359461,7446.195262400001
2026-01-03 04:02:40+00:00,3517.201650740741,2649.9012785,2353.031710334748,54,7982.747811149999,8545.095922229999
2026-01-03 04:02:45+00:00,2155.2432368846157,1525.6068335,1867.5754038582359,104,5671.193019649999,6341.622133989999
2026-01-03 04:02:50+00:00,1656.3883940701755,1225.863542,1193.189769761147,114,3963.305629199999,4559.18017475
2026-01-03 04:02:55+00:00,1711.2169409375,1330.7862295,1213.395895162159,80,4012.4376141499993,4625.215137679996
2026-01-03 04:03:00+00:00,2567.593341072289,1991.370334,1401.4422427346833,83,5352.424689799999,5479.858700559999
2026-01-03 04:03:05+00:00,1696.3961455578947,1083.684459,1417.8978424121246,95,4282.1101731,4696.257397040001
2026-01-03 04:03:10+00:00,2020.5482763962264,1779.154792,1896.023206366422,106,5406.3323945,5988.395395300001
2026-01-03 04:03:15+00:00,1855.799249088889,1608.8832925000002,1061.0672377817539,90,3764.1723265499995,4464.143755129999
2026-01-03 04:03:20+00:00,1489.5138087570094,818.350126,1260.6388253712676,107,3685.5683554999996,4475.77365094
2026-01-03 04:03:25+00:00,1293.6913021923076,937.7144794999999,1137.011635371964,130,3451.5392683,3955.8804943599994
2026-01-03 04:03:30+00:00,1840.9874885679014,1443.947209,1304.6855201696014,81,3975.737836,4886.5954772
2026-01-03 04:03:35+00:00,2560.701465215909,2169.975772,1583.3326929843238,88,5772.24179665,6330.61607317
2026-01-03 04:03:40+00:00,2811.9704949795914,2084.405292,2171.5198626862098,49,6544.581955399998,7637.517209319997
2026-01-03 04:03:45+00:00,2060.3052171517857,1189.647563,1794.7551013879497,112,5260.624215499998,5964.8289865199995
2026-01-03 04:03:50+00:00,2327.426617547945,2102.799876,1224.1671881871762,73,4310.3314104,4891.79061748
2026-01-03 04:03:55+00:00,1537.7532267821782,1214.933834,1179.241643945263,101,3989.022627,5048.845544
2026-01-03 04:04:00+00:00,1544.3567066477272,1108.0796675,1090.0408251703946,88,4152.063518549995,4588.78337179
2026-01-03 04:04:05+00:00,3425.0754783934426,3203.40896,1610.2099414768488,61,6425.379545,6869.7897366
2026-01-03 04:04:10+00:00,3084.4577347291665,3741.0328065000003,1991.1618537142251,48,6387.7314369999995,7197.53957554
2026-01-03 04:04:15+00:00,3172.6774087373738,2735.32496,2044.0415188918266,99,6950.068615699999,7363.563986
2026-01-03 04:04:20+00:00,1459.617436971698,566.206688,1452.7351750500177,106,4094.961346,4867.60582315
2026-01-03 04:04:25+00:00,2194.8881397857144,1692.9489174999999,1352.4068688816435,70,5186.1157299,5564.036181500001
2026-01-03 04:04:30+00:00,1357.0064021,887.9993335,1177.9794648034494,90,3988.7490022999996,4259.185441619999
2026-01-03 04:04:35+00:00,2175.769134925,1943.593147,1207.3740758941478,80,4163.836573449999,4466.632731609999
2026-01-03 04:04:40+00:00,3070.8321625573767,2888.183487,1455.2967397149719,61,5417.448447,6525.4376053999995
2026-01-03 04:04:45+00:00,2797.5199442307694,2075.226751,1696.6945589849076,65,5681.880967,5909.07533688
2026-01-03 04:04:50+00:00,2724.1626332948717,2227.566897,1521.7019355902416,78,5290.541783349998,6179.017548910002
2026-01-03 04:04:55+00:00,1787.367456269565,1229.474667,1497.140458088376,115,4648.1338565,5511.495618499999
2026-01-03 04:05:00+00:00,1503.4407142035398,981.189042,1236.5722204955632,113,3502.2565017999996,4321.981814919996
2026-01-03 04:05:05+00:00,1763.7813164188035,1192.174918,1307.2239847415365,117,4313.5410854,4818.804957000001
2026-01-03 04:05:10+00:00,1359.744697766355,894.881111,1171.0666976353655,107,3725.9634168999987,4450.638149579999
2026-01-03 04:05:15+00:00,2433.5137622786883,2225.275084,1213.7569078832764,61,4496.198877,5495.509510599999
2026-01-03 04:05:20+00:00,1257.5288187676767,648.897959,1309.2430409874614,99,4053.4319644999996,4690.357714
2026-01-03 04:05:25+00:00,2417.2337483135593,2049.2963555,1731.6115983448503,118,5310.237304649998,6027.6527915
2026-01-03 04:05:30+00:00,2168.438471813187,1871.178876,1080.7719548654927,91,3880.9995019999997,5298.2270523
2026-01-03 04:05:35+00:00,2139.7017819270836,1605.166334,1330.1660733042418,96,4586.20223075,5463.130102699999
2026-01-03 04:05:40+00:00,1450.0380786206897,786.7905,1361.6294701583606,87,4114.4124876999995,4410.4321897400005
2026-01-03 04:05:45+00:00,2012.589389346154,1446.812959,1507.5126631141054,104,4784.6004464,5435.985683059999
2026-01-03 04:05:50+00:00,1632.2646699298245,1281.6543335000001,1304.1802253886747,114,3987.48672055,5256.40208066
2026-01-03 04:05:55+00:00,1855.53971440625,2100.8516680000002,1388.5095978644051,96,3791.074127,4865.0811764
2026-01-03 04:06:00+00:00,1481.665771776,888.130251,1357.168757677079,125,4311.157535599999,4983.634092760001
2026-01-03 04:06:05+00:00,2015.4014945726497,1274.227876,1380.606223043192,117,4286.599810199999,4692.98827228
2026-01-03 04:06:10+00:00,1584.4737883693695,1001.239375,1255.6479200192302,111,3898.7047655,4019.5702767000002
2026-01-03 04:06:15+00:00,2259.1426506463413,1924.768271,1330.8865927823467,82,4174.882171050001,4633.66748804
2026-01-03 04:06:20+00:00,2297.962932602041,1953.4672719999999,1504.4771710080709,98,4893.39020825,5413.31829775
2026-01-03 04:06:25+00:00,2747.1774728939395,2629.8786680000003,1181.5142555237624,66,4974.8334405000005,5613.051410899994
2026-01-03 04:06:30+00:00,1848.8958741354165,1072.2134385,1551.5696091490126,96,4788.907784,5807.994404449999
2026-01-03 04:06:35+00:00,2251.4118180126584,2005.393584,1066.5536202217393,79,4188.824777299999,4437.66835002
2026-01-03 04:06:40+00:00,2705.6619943783785,2300.5060359999998,1667.2111923794241,74,5489.586367499999,6919.597129579992
2026-01-03 04:06:45+00:00,2220.2995705700937,1729.569334,1400.9239651914388,107,5176.056663099997,5734.914526979999
2026-01-03 04:06:50+00:00,2838.5682852291666,2404.201043,1453.3797593433387,48,5505.1657303,6939.365212060003
2026-01-03 04:06:55+00:00,3532.296649,2879.756876,1835.744698115765,69,6577.952128199999,7464.062516879994
2026-01-03 04:07:00+00:00,2493.8811569130435,2071.619459,1536.5671674446453,69,5783.978252599999,6405.268586119999
2026-01-03 04:07:05+00:00,3006.9095437142855,2850.257564,1329.4791979594304,70,5297.827325949998,6560.072619350005
2026-01-03 04:07:10+00:00,2930.0553443000003,2111.296605,1807.1769556800666,60,5772.550767299997,8286.038056949996
2026-01-03 04:07:15+00:00,2630.3027614791667,2022.164855,1562.7071210910756,96,5383.96329425,6178.277470249998
2026-01-03 04:07:20+00:00,1738.1794577640449,928.679042,1498.2147801941678,89,4510.4766442,4744.946210880002
2026-01-03 04:07:25+00:00,2526.6560284827588,2329.320043,1208.5589181346877,58,4546.0775671500005,5559.19380937
2026-01-03 04:07:30+00:00,1555.896811806818,934.1597095,1570.8924090952717,88,4977.4961792,5784.625610959992
2026-01-03 04:07:35+00:00,2005.5119295392158,1591.9296675,1323.0968033746756,102,4462.011789849999,4773.97714025
2026-01-03 04:07:40+00:00,2918.214730492537,3156.264904,1369.7522005660774,67,5154.2927263,5970.439390560001
2026-01-03 04:07:45+00:00,2944.7245596933335,2685.735334,1821.3030464358403,75,6300.317650499999,7319.2476456800005
2026-01-03 04:07:50+00:00,1942.6305971604938,1465.776293,1702.7229733909207,81,4931.336836,6304.210286800006
2026-01-03 04:07:55+00:00,2072.535575752577,2055.281709,1395.7328781582362,97,4485.690259999996,5786.940094639997
2026-01-03 04:08:00+00:00,4054.587074457143,3899.401127,1797.6102073616598,35,7096.250411299996,8095.4659045
2026-01-03 04:08:05+00:00,2584.4573903814435,1984.080251,1983.0614308864542,97,6760.705794999999,7437.697026359993
2026-01-03 04:08:10+00:00,1875.8824311463413,1450.4718555,1296.1157987284848,82,4020.450852,4855.44119239
2026-01-03 04:08:15+00:00,2789.787914267857,2626.6550845,1411.0247399191771,56,5501.54164825,6077.82153915
2026-01-03 04:08:20+00:00,2632.797793486486,2172.0933345,1460.0148634430639,74,5365.319958599999,6076.955808859995
2026-01-03 04:08:25+00:00,2421.507297040404,2011.733668,1316.2611537500727,99,4993.4814649,5245.304630179997
2026-01-03 04:08:30+00:00,1818.5307840454545,1221.5597715,1317.4475291746544,88,4296.1942042,4599.101138669998
2026-01-03 04:08:35+00:00,2682.6795263589743,2402.7477925000003,1274.604885303944,78,4858.0743352499985,5594.635887410001
2026-01-03 04:08:40+00:00,3563.439654238095,3900.239946,1754.8783878347413,21,6005.77078,7144.596414400001
2026-01-03 04:08:45+00:00,3548.966016550725,2921.581793,2589.5984135165118,69,7399.2922475999985,9377.697828439994
2026-01-03 04:08:50+00:00,3082.6710136590914,2635.4499594999997,1685.8394173942977,44,6098.76383595,6364.26640069
2026-01-03 04:08:55+00:00,3242.450140043011,2783.612293,2312.8325448198284,93,7061.351461799998,8231.741473999999
2026-01-03 04:09:00+00:00,2598.491869779221,2186.685668,1608.8588275817733,77,5324.2014772,6766.649344319991
2026-01-03 04:09:05+00:00,2875.1833995679012,2405.674668,1531.8624956948834,81,5870.226128,6927.9648701999995
2026-01-03 04:09:10+00:00,1675.3567052416665,908.8402920000001,1567.8672872339966,120,5222.59422275,5584.6012227500005
2026-01-03 04:09:15+00:00,2212.519941848485,2093.547855,1226.8594166789344,66,4012.4260222499997,5011.008094
2026-01-03 04:09:20+00:00,1907.0196284444444,1321.885917,1462.8365005317366,81,4794.866294,5273.329377600001
2026-01-03 04:09:25+00:00,2517.0668698588233,2514.001126,1485.0347859172205,85,5139.247602199999,5939.3448197200005
2026-01-03 04:09:30+00:00,2946.637696,2704.982543,2188.8305299745325,76,7071.994816,7495.3085665
2026-01-03 04:09:35+00:00,2540.5924138918917,2355.863647,1462.9384284039634,74,5793.34098435,6122.4638268399995
2026-01-03 04:09:40+00:00,2461.4848888714287,2034.979452,1767.0762887325218,70,5680.673242399997,6841.1853838900015
2026-01-03 04:09:45+00:00,3658.7565465000002,3813.957738,1396.9555538394184,56,5926.45505425,6501.574301650001
2026-01-03 04:09:50+00:00,3085.0850603999997,2308.314918,1975.0118824131475,70,6470.77576565,9304.111571580004
2026-01-03 04:09:55+00:00,3106.5845538265307,2818.188876,2085.477724805504,98,6849.00878254999,8847.136445780001
2026-01-03 04:10:00+00:00,2342.241543559322,2186.831043,1402.634649458165,59,4726.796210699998,5617.199658640001
2026-01-03 04:10:05+00:00,2426.362563054945,1722.928042,1988.2741611551066,91,5996.7087325,6805.7474825
2026-01-03 04:10:10+00:00,2439.3126701272727,1936.282112,1341.9995295339263,55,4695.282463099999,4922.99329074
2026-01-03 04:10:15+00:00,3111.801184745763,2806.314126,1349.694985901446,59,5448.0618754,5945.227253260001
2026-01-03 04:10:20+00:00,3143.807027205882,2916.416231,1991.8346805217516,34,5851.566959149999,7445.874118750004
2026-01-03 04:10:25+00:00,3837.413899511111,3871.705273,2194.9582284381477,90,7373.801934949998,8445.575935239998
2026-01-03 04:10:30+00:00,2251.4306471098903,1664.480834,1545.142858699641,91,4845.808481,6484.871848999985
2026-01-03 04:10:35+00:00,2882.429330396552,2235.8599384999998,1259.7769980439248,58,5073.259860949999,5541.4368955
2026-01-03 04:10:40+00:00,3225.7690413773585,2514.382112,1958.57761775131,53,7313.582114399998,8108.011738599999
2026-01-03 04:10:45+00:00,3226.19602369863,2117.463251,2073.485737511918,73,6502.4462975999995,8133.015451520001
2026-01-03 04:10:50+00:00,2643.847126963636,2210.68821,1494.197575900307,55,5117.575123399998,6106.81178032
2026-01-03 04:10:55+00:00,3515.2570038441554,3812.388835,1782.21023683726,77,5984.240610600002,7386.962465239997
2026-01-03 04:11:00+00:00,2204.680883559524,1689.548376,1435.054424448433,84,5343.324093949998,6132.025239330001
2026-01-03 04:11:05+00:00,2064.6508974946237,1714.494167,1417.7440705866243,93,4578.275435799998,5047.0552192800005
2026-01-03 04:11:10+00:00,2285.9965798356166,1728.780084,1510.0041591253885,73,5203.864754999997,5875.56173676
2026-01-03 04:11:15+00:00,3255.8461727735853,3128.373501,1447.383126981009,53,5860.1190638,6458.639675479997
2026-01-03 04:11:20+00:00,5607.563248263158,5330.12694,1611.3366256352867,38,8888.638462199999,9704.975220000002
2026-01-03 04:11:25+00:00,2360.3475156067416,1537.078543,2361.021602009885,89,8125.8442702,8955.331031080006
2026-01-03 04:11:30+00:00,2012.684745172043,1554.181126,1212.1675059285697,93,4304.8203766,4869.43291436
2026-01-03 04:11:35+00:00,2694.2355452714282,2440.7478760000004,1585.2335815217546,70,5614.8139378999995,5825.27175098
2026-01-03 04:11:40+00:00,2872.0502379500003,2188.1512785000004,1590.4771216627132,60,5927.612046349998,6815.654013469998
2026-01-03 04:11:45+00:00,3694.546431521739,3404.126335,1760.4958025179608,69,7023.706872199999,8025.684428239999
2026-01-03 04:11:50+00:00,2446.195135181818,2011.5669174999998,1624.5513445320569,88,5604.4010922499965,6419.885985959999
2026-01-03 04:11:55+00:00,2918.214445479452,2506.869292,1300.2558903296544,73,5332.6792609999975,6181.834071280001
2026-01-03 04:12:00+00:00,2685.635238940476,2389.2288550000003,1518.6553910223686,84,5211.305100199999,6237.699012000003
2026-01-03 04:12:05+00:00,2812.256669,2498.78496,1384.5905153645124,93,5137.483811,5859.26893164
2026-01-03 04:12:10+00:00,3623.2510014473687,3706.359217,2044.1082407971433,38,6898.04792285,7608.016625340003
2026-01-03 04:12:15+00:00,3238.607599164706,2354.500376,2244.9263009712013,85,7617.7342062,9098.095886039988
2026-01-03 04:12:20+00:00,3436.107785174603,3132.468543,1670.2699399377148,63,5931.0684405,7720.776548520006
2026-01-03 04:12:25+00:00,3812.3078773918924,3519.073335,1904.8996801516926,74,7164.41831035,8108.964818909996
2026-01-03 04:12:30+00:00,1956.5353903580249,1083.831876,1660.6915975495208,81,4585.157669,6422.834986400008
2026-01-03 04:12:35+00:00,2838.4985401805557,2557.7185845,1512.999231209303,72,5578.92420475,6175.296791890001
2026-01-03 04:12:40+00:00,2794.158587121212,2586.024585,1456.11090247863,66,5336.078321249999,5888.168255999992
2026-01-03 04:12:45+00:00,2744.972577618557,2469.43046,1647.7608565701867,97,5748.651372199999,7235.8316134
2026-01-03 04:12:50+00:00,2946.7567988448277,2655.5667725000003,1490.1677383954793,58,5343.937998449999,6694.243537309999
2026-01-03 04:12:55+00:00,3169.901549949367,2822.24121,2004.5640375773296,79,6633.430953399997,7479.7506229599985
2026-01-03 04:13:00+00:00,2056.286545117647,1581.519793,1536.5374452786782,51,4747.3766475,6663.9038574999995
2026-01-03 04:13:05+00:00,3569.300311375,3735.2573145,2344.139400224219,88,6988.610782149999,7536.316128589999
2026-01-03 04:13:10+00:00,4430.114685230769,3997.988363,1542.618321518262,39,6927.6584531000035,9721.536274239998
2026-01-03 04:13:15+00:00,3401.1475420675674,2509.9006055,2196.5822749852514,74,7713.244125299997,8710.800230589999
2026-01-03 04:13:20+00:00,2434.7398638333334,1868.9940425,1617.054596934312,78,5102.253806549992,6436.788372480006
2026-01-03 04:13:25+00:00,2295.5985209534883,1800.9794590000001,1285.0174472779458,86,4974.142273,5365.1241772
2026-01-03 04:13:30+00:00,2500.8743295662653,2116.512418,1358.0870582584928,83,4784.373602,5788.51646424
2026-01-03 04:13:35+00:00,2575.7970661157897,2253.398001,1451.7285635955714,95,5160.873539499999,6765.05096354
2026-01-03 04:13:40+00:00,2561.183466303571,2174.3633824999997,1654.9080274416624,56,5524.876905,5980.5672294000005
2026-01-03 04:13:45+00:00,4677.550841295455,4722.5246545,1457.8650453587834,44,7257.286937100001,7618.50730956
2026-01-03 04:13:50+00:00,4491.548684863014,4158.082085,2799.869178679379,73,9161.378882199995,10379.89600276
2026-01-03 04:13:55+00:00,2972.330433954023,2613.021959,1847.0175055038535,87,6475.3515279,7353.3186823800015
2026-01-03 04:14:00+00:00,2087.011388295082,1270.928334,1474.0298232441264,61,4667.925044,5809.5954194
2026-01-03 04:14:05+00:00,3414.981163734375,2958.0251265,1544.7150858356108,64,6374.912678049998,7149.09540229
2026-01-03 04:14:10+00:00,3417.2317175357143,3203.84105,1784.296918843316,56,6401.57632225,7126.899121600001
2026-01-03 04:14:15+00:00,2436.9505440851067,1755.0688759999998,1720.507945038818,94,5615.6240061,6670.403564769992
2026-01-03 04:14:20+00:00,2149.671786958904,1894.549001,1178.136571374728,73,3889.863909799997,5472.251226
2026-01-03 04:14:25+00:00,2702.3641276744183,2284.830397,1404.1127909652926,86,5113.422211,5708.6867066
2026-01-03 04:14:30+00:00,1832.4232995263158,1442.601959,1549.3012898214513,95,4437.7849352,5628.190219960001
2026-01-03 04:14:35+00:00,3155.4141137384618,2942.643377,1351.113732114579,65,5570.6791699999985,6455.27477012
2026-01-03 04:14:40+00:00,3892.6105954528302,3591.84096,1879.587922210434,53,8232.819681399998,9684.334861799996
2026-01-03 04:14:45+00:00,4003.2864408648647,4098.275488,1947.6741112625596,37,7411.286955999997,8474.63888288
2026-01-03 04:14:50+00:00,3556.410362238095,2123.5706465,2624.164026827558,84,7991.545497449999,9234.00052858
2026-01-03 04:14:55+00:00,1636.2936491775702,894.128333,1661.0988504319482,107,4697.036027599997,5414.84665296
2026-01-03 04:15:00+00:00,2203.3400409420287,1936.387751,968.6799919327447,69,3817.9988681999994,4134.469255439997
2026-01-03 04:15:05+00:00,2722.5558862738094,2252.1738345000003,1478.9292776710467,84,5343.20875385,5635.91772078
2026-01-03 04:15:10+00:00,2622.4999812317074,2129.6858895,1482.1595781210556,82,5302.2673855,6502.703622499999
2026-01-03 04:15:15+00:00,3043.4673397538463,2713.270251,1513.6516754319562,65,5958.2182498,7320.022015719999
2026-01-03 04:15:20+00:00,1802.2232745227273,1198.815959,1459.1660217833135,88,4658.838141699998,5112.328227709999
2026-01-03 04:15:25+00:00,3550.471649885714,3277.4946474999997,1537.050388216093,70,6018.103615499999,6488.291199020001
2026-01-03 04:15:30+00:00,1854.7711045789474,1031.3621465,2107.7112535623846,76,6088.4769925,7209.95637825
2026-01-03 04:15:35+00:00,2424.2453229411763,2023.137709,1549.5626126487896,68,5522.429465599999,6193.029729249999
2026-01-03 04:15:40+00:00,3179.5856221857143,2802.1857575,1648.713191132596,70,6381.210255549999,7485.748985940004
2026-01-03 04:15:45+00:00,3116.2439712333335,2427.7592925,1679.5120136265687,60,6234.595996699999,6716.172456999999
2026-01-03 04:15:50+00:00,2886.622929890909,2457.221042,1593.172248568493,55,6327.160024199999,7382.489078560001
2026-01-03 04:15:55+00:00,2798.5733004800004,2270.3653759999997,1857.6443031241224,100,5858.473092249999,6891.234132590006
2026-01-03 04:16:00+00:00,2210.235327825397,1436.081667,1457.761374367897,63,4574.7597398,5524.1006799600045
2026-01-03 04:16:05+00:00,3046.8762420895523,2663.259626,1411.373796446835,67,5275.2311314,5849.564410060004
2026-01-03 04:16:10+00:00,2824.0756503548387,2553.5855705,1601.1338134462305,62,5882.2385282999985,6688.66618884
2026-01-03 04:16:15+00:00,3818.1752453114755,4087.860377,1808.5237389459992,61,7086.605322,7502.270031
2026-01-03 04:16:20+00:00,3195.5799801666667,2139.846438,2260.264379186331,72,7946.53957815,8534.909516000003
2026-01-03 04:16:25+00:00,3037.277211974359,2682.359356,1533.7278691737258,78,5976.031137849997,6539.27174875
2026-01-03 04:16:30+00:00,3333.8981614363634,2946.861876,1651.2975139226046,55,6209.0203238,6480.6276983200005
2026-01-03 04:16:35+00:00,3695.076185619048,3383.519002,1937.1857592435158,63,6859.1740453,8218.792862460003
2026-01-03 04:16:40+00:00,2769.062883676923,2053.016792,2197.370516027712,65,6931.440805599998,8486.49349216
2026-01-03 04:16:45+00:00,2903.2149657012988,2548.724168,1498.261664373011,77,5409.1860968,6373.705461559994
2026-01-03 04:16:50+00:00,2773.528955568627,2521.918751,1562.8603889164763,51,5553.367898500001,6419.972648999999
2026-01-03 04:16:55+00:00,4073.6773422083334,3977.4709605,1828.0880744349508,72,7075.5426303,9048.53121993
2026-01-03 04:17:00+00:00,1912.1187046111108,1290.0681675,1620.6920300465245,72,5349.2645841,6833.880718930006
2026-01-03 04:17:05+00:00,3512.0009814342106,3025.809043,1573.8370622484958,76,5952.0852107499995,7219.45397225
2026-01-03 04:17:10+00:00,3073.112760245614,2965.527709,1410.2521757043933,57,5324.821799799999,6138.777561959998
2026-01-03 04:17:15+00:00,3746.5211319444443,3564.4321195,1871.051753383455,36,6672.3909155,8891.015715099998
2026-01-03 04:17:20+00:00,5726.05772768,5742.607024000001,2120.531324109192,50,8821.1712402,9717.199399819998
2026-01-03 04:17:25+00:00,2896.8593778070176,2121.131335,2296.323535073968,57,7853.978045,9998.230337879993
2026-01-03 04:17:30+00:00,1684.6624609263158,1095.402376,1535.2820546585408,95,4770.997322599998,5679.498397980001
2026-01-03 04:17:35+00:00,2287.489297,2384.387334,1387.682559993336,77,4800.7830602,5331.711845999999
2026-01-03 04:17:40+00:00,2227.9098411,2401.3853615,1605.001668439339,70,5252.07568975,5851.343524880001
2026-01-03 04:17:45+00:00,1540.4187975319148,1077.081084,1610.8594816971483,94,4629.699456649997,5337.95161912
2026-01-03 04:17:50+00:00,1626.4023028676472,1152.15423,1224.1623626092223,68,4082.51864805,4566.53688514
2026-01-03 04:17:55+00:00,1907.6410367307694,1857.3530635000002,1552.350031565005,78,5095.1567814499995,5341.089196340001
2026-01-03 04:18:00+00:00,1318.0096753493976,610.948542,1367.9687862203639,83,3675.9216346999992,5057.562336559998
2026-01-03 04:18:05+00:00,938.5929903781512,246.286625,1193.0215306950079,119,3454.803950999998,4096.237638179998
2026-01-03 04:18:10+00:00,2369.632387073171,2598.584501,1602.8859125152876,41,4438.42728,5023.3514852
2026-01-03 04:18:15+00:00,1876.7410326732672,1103.867167,1896.0282420454935,101,5547.390822,5920.033239
2026-01-03 04:18:20+00:00,933.1157563333334,293.743375,1198.6024912823914,114,3065.2706804999993,4007.361383870003
2026-01-03 04:18:25+00:00,838.7631396666667,242.406958,1053.7163507597143,99,2946.0007932999997,3105.193784999998
2026-01-03 04:18:30+00:00,886.7440979541285,465.836417,990.0762700126172,109,2746.2619683999997,3510.5422230800004
2026-01-03 04:18:35+00:00,1613.1384469333334,1078.524334,1190.7861299020528,75,3409.6499221999998,3759.347956260005
2026-01-03 04:18:40+00:00,1415.2391694262294,581.569751,1323.9181550128133,61,3653.692987,3989.2191767999993
2026-01-03 04:18:45+00:00,1519.4182413023257,630.9348545,1633.620692184715,86,4229.2298105,5023.134352400003
2026-01-03 04:18:50+00:00,917.2511263846154,146.750584,1177.1166726868719,91,2987.603689,3050.3550143999996
2026-01-03 04:18:55+00:00,1021.3081462906977,278.09277050000003,1200.4874788034242,86,3154.95197,3635.7550974500023
2026-01-03 04:19:00+00:00,778.0221416551724,90.491542,1087.364279061971,87,2967.5439386000003,3038.99554088
2026-01-03 04:19:05+00:00,1039.152515688889,430.2977915,1147.6561987383118,90,2963.1301407,3502.89339724
2026-01-03 04:19:10+00:00,765.3335389277108,108.745625,1086.5801029891811,83,2857.6208034999995,3236.512627119998
2026-01-03 04:19:15+00:00,1220.3603203999999,1026.907125,1057.9495746327752,60,3068.2414054999995,3370.20772481
2026-01-03 04:19:20+00:00,819.0344772083333,245.692438,1102.9759830482517,72,3027.9511141000003,3251.054007860001
2026-01-03 04:19:25+00:00,733.9298237142857,150.484917,1031.3299287525533,63,2669.7474091,3011.972870000001
2026-01-03 04:19:30+00:00,602.7611443442623,162.299833,886.479673677259,61,2556.421877,2960.1056012
2026-01-03 04:19:35+00:00,1113.2403618219178,780.531542,1154.5606684056636,73,3672.0609017999986,4306.33849728
2026-01-03 04:19:40+00:00,740.414486,93.5219795,1044.2070664840398,74,2823.7964475999993,3069.757358279999
2026-01-03 04:19:45+00:00,660.0559864615384,49.0383955,1013.4923340881146,52,2490.35555375,2897.015726660001
2026-01-03 04:19:50+00:00,647.2355651296297,116.51362499999999,961.3906676428378,54,2682.075314049999,2878.59715947
2026-01-03 04:19:55+00:00,552.905368015873,51.802417,912.9846706473576,63,2466.5550350000003,2797.5414430000005
2026-01-03 04:20:00+00:00,727.5567221625,53.748583499999995,1026.8403277522646,80,2720.0429492499993,3041.26316236
2026-01-03 04:20:05+00:00,542.1662413137255,58.665083,953.8362737907178,51,2689.6738765,2870.8501260000003
2026-01-03 04:20:10+00:00,735.0821499382716,43.236625,1066.697604390177,81,2882.661821,3010.9575848
2026-01-03 04:20:15+00:00,777.7744968644067,59.191417,1098.5656250925217,59,2695.9646344,2842.0617523600004
2026-01-03 04:20:20+00:00,682.9311307962963,126.54975049999999,1071.3417960930733,54,2907.9375451999995,3048.8841690299996
2026-01-03 04:20:25+00:00,875.7259832682928,54.250959,1100.446136205857,41,2738.886126,2917.8393602
2026-01-03 04:20:30+00:00,644.20735694,44.4498545,990.1385649237556,50,2564.3448803499996,2908.5114954999995
2026-01-03 04:20:35+00:00,778.6064970769231,46.041375,1127.5312000085335,39,2807.3675891,2937.6892984999995
2026-01-03 04:20:40+00:00,550.5998004615385,30.824875,986.589798051227,26,2276.3108862500003,2789.18652175
2026-01-03 04:20:45+00:00,587.7907593783784,50.475583,949.1099371116895,37,2292.1945428,2726.1875693600005
2026-01-03 04:20:50+00:00,871.0063863333334,48.366958,1230.6652443925746,27,2853.7676432,2990.1808155
2026-01-03 04:20:55+00:00,720.005448,40.680666,1078.1278439025134,35,2820.9924305,2925.9800882199997
2026-01-03 04:21:00+00:00,502.56992285714284,36.261083,875.7117025673691,21,2381.170001,2384.793301
2026-01-03 04:21:05+00:00,573.8021029230769,37.366083,958.1469483166521,26,2471.1600215,2645.0200535
2026-01-03 04:21:10+00:00,808.07481036,44.286208,1093.3916993733123,25,2576.2726061999997,2847.6777271999995
2026-01-03 04:21:15+00:00,714.3385837407407,39.934291,1083.920353252841,27,2564.1556600999997,2795.2904235799997
2026-01-03 04:21:20+00:00,969.4886958124999,50.835561999999996,1267.0341475171194,16,2904.9369699999997,2934.0754948
2026-01-03 04:21:25+00:00,1247.787381923077,54.33125,1359.0869785142822,13,2870.2449432,2931.22832304
2026-01-03 04:21:30+00:00,388.14387518181815,31.681708,851.4291767283243,11,1996.8374175,2539.6077515
2026-01-03 04:21:35+00:00,30.850966699999997,30.9713125,19.027241745498273,10,56.6675167,57.249036939999996
2026-01-03 04:21:40+00:00,19.887506833333333,17.0657295,12.251229425512877,6,35.707812000000004,37.196195200000005
2026-01-03 04:21:45+00:00,42.542292,42.542292,,1,42.542292,42.542292
